{"Piraten.mdao":0.0214776019253762,"Piraten.mdba":0.0343508584748823,"Piraten.mdan":0.0369527851651925,"Piraten.mday":0.0376761536743721,"Gruene.mdam":0.0383583112553012,"Piraten.mdbh":0.0412033520004877,"Piraten.mdde":0.0412772769128133,"Piraten.mdda":0.0413193459755488,"Piraten.mdbv":0.0417249192026938,"SPD.mdaa":0.041831648022009,"Gruene.mdaw":0.0431729160378521,"Piraten.mdam":0.0438027394053287,"Piraten.mdbp":0.0451819190699185,"Piraten.mdar":0.0453276816157952,"Piraten.mdbk":0.0461375576284151,"Piraten.mdbn":0.0462633087431973,"Piraten.mdcd":0.0473450865935652,"Piraten.mddc":0.0482840407505009,"Piraten.mdbs":0.0486276868535864,"Piraten.mdbe":0.0487768718077626,"Piraten.mdbd":0.0489099781160284,"Gruene.mdbi":0.0489356868708579,"Gruene.mdbc":0.0490579088310588,"Piraten.mdae":0.0493347453184741,"Piraten.mddb":0.0494267837849009,"Gruene.mdba":0.0506133436145672,"Gruene.mddj":0.0509400943179238,"Piraten.mddf":0.0513149254490583,"Piraten.mdcq":0.0516667795624298,"Gruene.mdaj":0.0519360228870415,"Piraten.mdav":0.05241574058065,"Piraten.mdcz":0.0526209006250165,"Piraten.mdbu":0.0528421612431059,"Piraten.mdas":0.052939846538724,"Piraten.mdci":0.0529669439543743,"SPD.mdbj":0.0534307436984561,"Piraten.mddd":0.0547013551527258,"Gruene.mdav":0.0553881744754666,"Gruene.mdbw":0.0557818447548918,"Gruene.mdbu":0.0562202003228407,"Piraten.mdcm":0.0562574456047305,"Piraten.mdax":0.0565786591849784,"Gruene.mdax":0.0567262735714721,"Piraten.mdbj":0.0567325431526813,"Gruene.mdbg":0.0570182503610469,"Piraten.mdce":0.0570925010195744,"Gruene.mdep":0.0571014143476694,"Piraten.mdct":0.0582586066589357,"Gruene.mdak":0.0585349684975186,"Gruene.mdca":0.0589093436622457,"Piraten.mdcr":0.0589105364789928,"Gruene.mdaz":0.0596117990994908,"Gruene.mdas":0.0596459226273485,"Piraten.mdbr":0.0600417752982674,"Piraten.mdcy":0.0612839976279326,"Gruene.mdcb":0.061458588968759,"Gruene.mddg":0.0617748185171114,"Piraten.mdai":0.0620147196526235,"Gruene.mdcg":0.0620901242641323,"Gruene.mdag":0.0623857952161529,"SPD.mdcc":0.0628779144751746,"Piraten.mdcs":0.0629060196043865,"Gruene.mdes":0.062919766720075,"Piraten.mdcu":0.0630000086460921,"Piraten.mdbi":0.0630181398705458,"Piraten.mdcl":0.0631633654867513,"SPD.mdcd":0.0632862162079282,"Gruene.mdbb":0.0635800380540178,"Gruene.mdcl":0.0654352579287734,"Piraten.mdcp":0.0662779475444509,"Gruene.mdcp":0.0664602364001294,"Piraten.mdau":0.0667203550791873,"Gruene.mdat":0.0674537423108448,"Gruene.mddn":0.0678604508816191,"Gruene.mdbt":0.0680368181948777,"Gruene.mdcq":0.0681763437308952,"SPD.mdas":0.0687036880613123,"Gruene.mdau":0.0689015617276363,"Piraten.mdaw":0.0693315014714657,"Gruene.mddd":0.0697871089058429,"Piraten.mdch":0.0702185858180544,"Piraten.mdaj":0.0704715721113633,"Piraten.mdcj":0.0709361040421462,"Piraten.mdaz":0.0713537723930755,"SPD.mdbg":0.0714697571426091,"Gruene.mdeq":0.0715671657179744,"CDU.mdat":0.0715842599108052,"Gruene.mdec":0.0717432670893156,"CDU.mdad":0.0717582118767153,"Gruene.mddb":0.0719671877542246,"Gruene.mdbk":0.0720183968363137,"Gruene.mdan":0.0724504522975592,"Gruene.mdby":0.0726486916310376,"Gruene.mdbo":0.0728627434465982,"Gruene.mdal":0.0729289113422043,"Gruene.mdbs":0.0730585524201828,"Gruene.mdbh":0.0731238579310416,"Gruene.mddl":0.0733310440413747,"Gruene.mdde":0.0735945551023274,"Piraten.mdah":0.0739962042537591,"Gruene.mdcf":0.0744463674016619,"Piraten.mdap":0.0748917370052184,"Gruene.mdbe":0.0750084665830414,"Gruene.mddy":0.0751083369296394,"Piraten.mdbw":0.0757277305058092,"Gruene.mdbx":0.0759482323746123,"Piraten.mdcx":0.0767762880364118,"Piraten.mdcn":0.076824108168877,"Piraten.mdcf":0.0769763463645535,"Gruene.mdey":0.0769901384198026,"Gruene.mdao":0.0772803707711961,"Gruene.mdea":0.0775150506913077,"Piraten.mdbg":0.0776304161853961,"SPD.mdai":0.0779977318373378,"Gruene.mdev":0.0781191569243648,"Gruene.mdap":0.0782014998209341,"Gruene.mdcu":0.0783439330880591,"Gruene.mdai":0.0788457155926973,"Gruene.mdcm":0.0790834639240136,"CDU.mdas":0.0794192916809977,"SPD.mdbx":0.0794852289287141,"Piraten.mdbz":0.0795116849429255,"Piraten.mdcw":0.079548141401576,"SPD.mdbo":0.0795718192319658,"SPD.mdcf":0.0795824987338373,"CDU.mdbb":0.0798049758296092,"Gruene.mddq":0.0798728209024893,"Gruene.mddw":0.0798734404298875,"Piraten.mdat":0.0802021884310744,"CDU.mdaf":0.0802095526440751,"Gruene.mdcw":0.0804047927774822,"Gruene.mdcj":0.0804833901762988,"Gruene.mdeo":0.0808524891261277,"Piraten.mdcb":0.0812926776336989,"Piraten.mdca":0.0813411088118279,"Gruene.mdcv":0.0814191716751358,"FDP.mdal":0.081475153372403,"Piraten.mdco":0.081608517513335,"Gruene.mdct":0.0816140334337599,"Gruene.mddh":0.0816151574020402,"Gruene.mder":0.0824353328389062,"SPD.mdam":0.0825997422916085,"Gruene.mdbm":0.0831553677754654,"Piraten.mdbx":0.0831979502720522,"SPD.mdbm":0.0834320052018375,"SPD.mdce":0.0837110459950499,"Gruene.mdbl":0.0840201685996426,"Gruene.mdeb":0.0840920926565793,"Piraten.mdad":0.0844551618655701,"SPD.mdbs":0.0845823074288821,"SPD.mdbc":0.0847753752063827,"Piraten.mdbt":0.0849959205352221,"Piraten.mdbf":0.0850055879978067,"SPD.mdau":0.0857919034194681,"SPD.mdaw":0.0862473563237475,"Gruene.mdef":0.0863392332376139,"Piraten.mdbb":0.0865737490936492,"Piraten.mdby":0.08715679296997,"Gruene.mdcc":0.0879968337635379,"Piraten.mdak":0.0881057902992258,"Gruene.mdcd":0.0882935966620466,"Gruene.mdbn":0.0883075032900474,"Gruene.mdet":0.0884221970933444,"Gruene.mdbp":0.0888146765291707,"Gruene.mdek":0.0889705899836596,"SPD.mdbq":0.0893358821368676,"Piraten.mdag":0.0894134033532056,"SPD.mdae":0.0897789288926943,"SPD.mdat":0.0904820794247914,"Gruene.mdcs":0.0907264759791678,"Piraten.mdbq":0.0911700301660921,"Gruene.mdbq":0.0911728864534027,"Gruene.mdeg":0.0915302038648487,"Piraten.mdbl":0.0917050076241642,"Gruene.mddx":0.0917316618024255,"Gruene.mddt":0.0922928532794672,"Gruene.mddf":0.0926597166368233,"Gruene.mden":0.0927763313322,"Piraten.mdcc":0.092819247840634,"Gruene.mdch":0.0930036263922024,"Gruene.mdew":0.0934176538913144,"SPD.mdal":0.0936076060240724,"Piraten.mdaq":0.0936528066759005,"SPD.mdca":0.0937034468124624,"SPD.mdak":0.0937451085773158,"Gruene.mdcy":0.0938481887138335,"Gruene.mdem":0.0938808771400159,"Gruene.mddz":0.0940835824110409,"SPD.mdbp":0.094292326872297,"Gruene.mddu":0.0944514816535384,"SPD.mdbt":0.0945915778394598,"Piraten.mdbo":0.0955026801029383,"Gruene.mdbf":0.096409877347218,"SPD.mdbw":0.0967182962732271,"Gruene.mdce":0.0969447137533078,"SPD.mdbe":0.0977104611497982,"Gruene.mdda":0.0980079657464394,"Piraten.mdbm":0.0983535794569197,"SPD.mdaj":0.0984643834550569,"SPD.mdav":0.0986115058349141,"SPD.mdap":0.0986460377632973,"Gruene.mdbz":0.0987120909583755,"Gruene.mdeu":0.0988675308150259,"Piraten.mdck":0.0990540116314503,"Gruene.mdbr":0.0990552890624033,"SPD.mdaz":0.099169123218132,"Piraten.mdbc":0.0992490499181915,"Gruene.mdcn":0.100007868450357,"Gruene.mdcz":0.100393568622597,"Gruene.mdel":0.101028945771768,"Gruene.mddm":0.101215077672673,"Gruene.mdaa":0.101388194416121,"Gruene.mdcr":0.101507004239873,"Gruene.mdbv":0.101543218051811,"Gruene.mdci":0.101596512845638,"Gruene.mdbd":0.101791933415157,"SPD.mdaf":0.10250162335153,"SPD.mdba":0.103363418833435,"SPD.mdbk":0.103719167807679,"Gruene.mdei":0.10391250670988,"CDU.mdax":0.104566556888183,"Piraten.mdac":0.104870045602034,"SPD.mdbl":0.105208326452639,"CDU.mdai":0.105625934928632,"Gruene.mded":0.105899491115928,"SPD.mdbf":0.106932062960276,"FDP.mdah":0.107053305254566,"CDU.mdaz":0.107264223067994,"Gruene.mdac":0.107600159688683,"SPD.mdax":0.107664930760255,"Gruene.mddk":0.107785757909119,"SPD.mdbd":0.108140738975493,"Gruene.mdeh":0.108300532554425,"FDP.mdad":0.108751156039879,"CDU.mdac":0.108876021494688,"Gruene.mdck":0.109043453809047,"CDU.mdba":0.109523676891224,"SPD.mdao":0.110041132422404,"Gruene.mdah":0.110208181880497,"SPD.mdby":0.111859238838939,"SPD.mdaq":0.112037637095201,"FDP.mdaf":0.112282780996611,"Gruene.mdcx":0.113021216047569,"Gruene.mdee":0.113053714520854,"CDU.mdaq":0.113218831291138,"Gruene.mday":0.113536923841353,