{"Piraten.mdao":0.0214140124906888,"Gruene.mdaj":0.0279104421980435,"Piraten.mdba":0.0342635742672265,"Piraten.mdan":0.036816033597094,"Piraten.mday":0.0375510502863454,"Gruene.mdan":0.0383316634307407,"Piraten.mdbh":0.0409455343830825,"Piraten.mdda":0.0411517674594538,"Piraten.mdde":0.0411696316520204,"Piraten.mdbv":0.0416277705541462,"SPD.mdaa":0.0417679868493748,"Gruene.mdax":0.0429698248409215,"Piraten.mdam":0.0435256857534076,"Piraten.mdbp":0.0449499097079076,"Piraten.mdar":0.0453612296473333,"Piraten.mdbk":0.0459598327842317,"Piraten.mdbn":0.0462132077772568,"Piraten.mdcd":0.0471891380677566,"Piraten.mddc":0.0481063080004587,"Piraten.mdbs":0.0484149884612819,"Piraten.mdbe":0.0486294981753024,"Piraten.mdbd":0.0487684526438689,"Gruene.mdbj":0.0488286976269182,"Gruene.mdbd":0.0489286453884959,"Piraten.mdae":0.0491522653997844,"Piraten.mddb":0.0500057161125469,"Piraten.mddd":0.0500250712856943,"Gruene.mdbb":0.0504231117417878,"Gruene.mddk":0.0507447476924595,"Piraten.mddf":0.0514043016215845,"Piraten.mdcq":0.0514237861438609,"Piraten.mdav":0.0522653463236857,"Piraten.mdcz":0.052343742713139,"Piraten.mdbu":0.052778557027359,"Piraten.mdci":0.0527964684213152,"Piraten.mdas":0.0528726708227203,"SPD.mdbj":0.053296462877901,"Gruene.mdak":0.0537722412511659,"Gruene.mdaw":0.0551101107423575,"Gruene.mdbx":0.0556344117611763,"Piraten.mdcm":0.0558892422827086,"Gruene.mdbv":0.0560568577055431,"Gruene.mday":0.0563944694891677,"Piraten.mdax":0.0564574040902436,"Piraten.mdbj":0.0566163480188786,"Gruene.mdeq":0.0568780662840194,"Piraten.mdce":0.0568862491035428,"Gruene.mdbh":0.0569337218645566,"Piraten.mdct":0.0580491191108192,"Piraten.mdcr":0.0587023620038858,"Gruene.mdcb":0.0588113924616037,"Gruene.mdat":0.0593843217831202,"Gruene.mdal":0.0594037242890122,"Gruene.mdba":0.0596270066046846,"Piraten.mdbr":0.0597515986724774,"Piraten.mdcy":0.0610760547157704,"Gruene.mdcc":0.0613042970830919,"Gruene.mddh":0.0615564500628991,"Piraten.mdai":0.0617215684543015,"Gruene.mdch":0.0618795288075858,"Gruene.mdag":0.0621910782485152,"Gruene.mdet":0.0626834818664895,"Piraten.mdcs":0.0626882028781428,"Piraten.mdbi":0.0628008416957798,"Piraten.mdcl":0.0630176632370938,"Piraten.mdcu":0.0630316360236585,"SPD.mdcd":0.063086855445294,"Gruene.mdbc":0.0633826969476152,"SPD.mdcc":0.0634025499666475,"Gruene.mdcm":0.06516910513167,"Piraten.mdcp":0.0660886449453087,"Piraten.mdau":0.0664694038753216,"Gruene.mdcq":0.0671744333016429,"Gruene.mdau":0.0672279034056543,"Gruene.mddo":0.0677733227589916,"Gruene.mdbu":0.0678051707726027,"Gruene.mdcr":0.0679736959421058,"Gruene.mdav":0.068636140189339,"Piraten.mdaw":0.0690260260452069,"SPD.mdas":0.0693530907867331,"Gruene.mdde":0.0696536252941181,"Piraten.mdch":0.0700919518457814,"Piraten.mdaj":0.070250556030721,"Piraten.mdcj":0.0707685144162732,"Piraten.mdaz":0.0712493651830352,"Gruene.mder":0.0712748610285359,"SPD.mdbg":0.0712756022307133,"Gruene.mded":0.0713764603216255,"CDU.mdad":0.0715498095802122,"Gruene.mddc":0.0717425401685944,"CDU.mdat":0.071765691544847,"Gruene.mdbl":0.0723035925391742,"Gruene.mdbz":0.0723977962624982,"Gruene.mdam":0.0726727641821269,"Gruene.mdbt":0.0728964792732366,"Gruene.mdbi":0.0729748624343183,"Gruene.mdbp":0.0730328496098219,"Gruene.mddm":0.0730525846088297,"Gruene.mddf":0.0733914986383068,"Piraten.mdah":0.0737304960349903,"Gruene.mdcg":0.0742542085464397,"Piraten.mdap":0.0746757636093134,"Gruene.mddz":0.0747762206880895,"Gruene.mdbf":0.0750724017797205,"Gruene.mdao":0.075705683262404,"Gruene.mdby":0.0757176209721702,"Piraten.mdbw":0.0757699373594399,"Piraten.mdcx":0.0765328565519644,"Piraten.mdcn":0.0766188743471941,"Piraten.mdcf":0.076730205375434,"Gruene.mdez":0.0767624317853452,"Gruene.mdap":0.0771042648959567,"Gruene.mdeb":0.0773305748815793,"Piraten.mdbg":0.0774858507797614,"SPD.mdai":0.0778275085246606,"Gruene.mdaq":0.077958954347004,"Gruene.mdcv":0.0781384392098005,"Gruene.mdew":0.0783882500449383,"FDP.mdal":0.0785074524551095,"Gruene.mdcn":0.0788597350546192,"Piraten.mdbz":0.0791818573896813,"SPD.mdbx":0.0792548387207994,"Piraten.mdcw":0.0793810550649731,"SPD.mdcf":0.0794508684938268,"CDU.mdas":0.0794719674320636,"CDU.mdbb":0.0796190007513767,"Gruene.mddx":0.0796515452941675,"SPD.mdbo":0.0796989144457616,"Gruene.mddr":0.0797192425225008,"CDU.mdaf":0.0800494614499046,"Piraten.mdat":0.0801157978598929,"Gruene.mdcx":0.0802872488748592,"Gruene.mdck":0.0803327594521005,"Gruene.mdep":0.0805668380479156,"Piraten.mdca":0.081057235416665,"Piraten.mdcb":0.0811616762050648,"Gruene.mdai":0.0812931343070982,"Piraten.mdco":0.0813027157185049,"Gruene.mddi":0.0818444963555436,"Gruene.mdes":0.0821986522910372,"SPD.mdam":0.0822764252122508,"Gruene.mdcw":0.0827972854656717,"Gruene.mdcu":0.0828529778643353,"Gruene.mdbn":0.0829178567506889,"Piraten.mdbx":0.0830511640667265,"SPD.mdbm":0.0831891999244879,"Gruene.mdbm":0.0837541976523875,"Gruene.mdec":0.0839098000984778,"Piraten.mdad":0.0841443245869861,"SPD.mdbs":0.0843600245192684,"Piraten.mdbt":0.0846657693692707,"SPD.mdce":0.0847261885926774,"Piraten.mdbf":0.0847525906860896,"SPD.mdbc":0.0848987320704177,"SPD.mdau":0.0857794804091186,"Gruene.mdeg":0.0861321370189628,"Piraten.mdbb":0.0863625675878769,"SPD.mdaw":0.0868225347341062,"Piraten.mdby":0.0870876476337009,"Gruene.mdcd":0.0876534486793507,"Gruene.mdbo":0.0879019011335845,"Gruene.mdeu":0.0880925430057394,"Gruene.mdce":0.0881457495885257,"Piraten.mdak":0.0883240952927674,"Gruene.mdbq":0.0885059953079604,"Gruene.mdel":0.0886455748605517,"Piraten.mdag":0.0889931137526001,"SPD.mdae":0.0895280473123244,"SPD.mdat":0.0902500784931409,"Gruene.mdct":0.0904332556538061,"Gruene.mdbr":0.0909177730037181,"Piraten.mdbq":0.0909895225548577,"Gruene.mdeh":0.0913501900611124,"Piraten.mdbl":0.0915906376738947,"Gruene.mddu":0.092046435449516,"Gruene.mddy":0.0923870562563733,"Gruene.mdeo":0.0924568323685455,"SPD.mdbq":0.0925858889101431,"Gruene.mdci":0.0927255598605093,"SPD.mdal":0.0932805882922868,"SPD.mdca":0.0934463234367693,"Piraten.mdaq":0.0934883520939935,"Gruene.mdex":0.0934889574754915,"Gruene.mden":0.0936702981192347,"Gruene.mdea":0.0937360476592659,"Gruene.mdcz":0.0939284986764122,"SPD.mdak":0.093959354825152,"Gruene.mddg":0.0942378411137419,"SPD.mdbp":0.0942781184336631,"Piraten.mdcc":0.0943485994986132,"SPD.mdbt":0.0943862546819778,"Piraten.mdbo":0.0952201619285428,"Gruene.mddv":0.095385980326711,"Gruene.mdbg":0.0959883323409025,"SPD.mdbw":0.0964863364041512,"Gruene.mdcf":0.096722466082861,"SPD.mdbe":0.0974806347881938,"Gruene.mddb":0.0976861992276958,"Piraten.mdbm":0.0980624636618728,"SPD.mdaj":0.0982337808050546,"SPD.mdap":0.0983857994796921,"Gruene.mdca":0.0985065394177044,"Gruene.mdev":0.0986555095458791,"Gruene.mdbe":0.0987589714696952,"SPD.mdav":0.0987972166262516,"Piraten.mdck":0.0988605349444529,"SPD.mdaz":0.0988953678100501,"Gruene.mdbs":0.0990130156549897,"Gruene.mdco":0.0997655623990213,"Gruene.mdda":0.100066621074223,"Gruene.mdem":0.100653100466889,"Piraten.mdbc":0.100681337888337,"Gruene.mddn":0.100857662731666,"Gruene.mdaa":0.101087000714159,"Gruene.mdcs":0.101176850668802,"Gruene.mdbw":0.101214161438104,"Gruene.mdcj":0.101842124329685,"SPD.mdba":0.103240699484427,"SPD.mdbk":0.10347178646394,"Gruene.mdej":0.103590192980306,"SPD.mdaf":0.103687705450042,"CDU.mdax":0.104287612116847,"Piraten.mdac":0.104558951611634,"SPD.mdbl":0.104960714291411,"Gruene.mdee":0.105541468429894,"CDU.mdai":0.106261121622941,"FDP.mdah":0.106715846715677,"SPD.mdbf":0.106875316698107,"CDU.mdaz":0.106890666730327,"Gruene.mdac":0.107292702246143,"Gruene.mddl":0.107414846330587,"Gruene.mdei":0.108079323176339,"SPD.mdax":0.108214161780269,"CDU.mdac":0.108694651424843,"Gruene.mdcl":0.108902226801418,"CDU.mdba":0.109141330826934,"SPD.mdao":0.109655712114285,"SPD.mdbd":0.109710630800866,"Gruene.mdah":0.110217353055337,"FDP.mdad":0.111012440166239,"SPD.mdby":0.111547434419175,"SPD.mdaq":0.111792908727297,"Gruene.mdef":0.112645753896472,"Gruene.mdcy":0.112717091443253,"CDU.mdaq":0.112975454635387,"Piraten.mdcv":0.11325091886428,