{"CDU.mdal":0.175735431003493,"Gruene.mdab":0.17273993566011,"Gruene.mdaf":0.167955510568819,"SPD.mdab":0.165982401692267,"SPD.mdbv":0.164485080300454,"SPD.mdad":0.160247020252172,"CDU.mdak":0.160009927126679,"SPD.mday":0.159357231875784,"FDP.mdan":0.158347930393259,"CDU.mdab":0.157404264628374,"CDU.mdag":0.153997806695858,"FDP.mdag":0.150850056613344,"CDU.mdav":0.150658448087604,"CDU.mdae":0.149833310528017,"SPD.mdbb":0.148702327255286}
